news_id,company_name,entity_id,title,summary,published,link,source,fetched_at,ai_summary,news_type,sector_tag
169,Mavis,41a173ae-cc52-4a23-9ac4-47c688fc1af8,"Mavis Tires & Brakes Celebrates New Store Grand Opening in Houston, Texas - EIN News","Mavis Tires & Brakes Celebrates New Store Grand Opening in Houston, Texas&nbsp;&nbsp;EIN News",41:00.0,https://news.google.com/rss/articles/CBMisgFBVV95cUxOQkJIUmlpckl5QjF6bU1xYlVfQ2FNLTIyQVRteEw2NlVjbnhPMmJOaGI2WGdhSUFhNWJLRHJMVUFKMkw2ZzFsWElJeldBMHFvYW1TWkRhNGtpaEh5T1NGWk54MTBHdFpGbk5FMHZQeE5fN1R4YzJwN1JPS2dTcEdwUVJoR0N3UTl3a0dYb2ROcVg1XzFiak5iWHphQjZNQWpfaURDQjZmM01YeWVtMW53RGZR0gG3AUFVX3lxTE1DV2lSdUkxN2dxRk03ek02bUpna1JoUFQxTktBZzktNXo1M1hWOEdSbVBMM3pJdF9UUDN6QW94X0czU01PWHRUZDFhYUZCVFFQSzRZVFp0bXBCMDc1T1hEald2ZElIVnJwUzNETDJjR0F3LTRvTFNTNW1OUEl3bXFSU0tTMWJ1c0pJWWl0WnJlVURzLThfNkN1VjM2V0wtc3EyYVUtY0RHZTNLRThBZlhtOHFub0ZMaw?oc=5,EIN News,4/22/2026,"Store expansion in Houston demonstrates ongoing capital deployment for growth and market penetration, which could indicate management confidence in the unit economics and contribute to revenue growth if the location meets performance targets. New store openings are relevant to tracking organic growth trajectory and reinvestment strategies that affect EBITDA margins and leverage ratios for the portfolio company.",company,NULL
170,Core Power,82b0aba4-8b3c-4ce0-a864-d3ae055a7974,CorePower Yoga Adds Red Light Classes Through HigherDose - Athletech News,CorePower Yoga Adds Red Light Classes Through HigherDose&nbsp;&nbsp;Athletech News,16:13.0,https://news.google.com/rss/articles/CBMiekFVX3lxTE5qdHNSM0ZnMmJWNF9HRm5OUXg2aU00Y1dUU2tMQTI5eGt3NkprTEFHX0VlZkpRaF8xQ1BGWGo3eXYxeEgtU0haNzZRLUl1Z29TamU3YjdLN1hjZ05tZkxBdGlucnFaN20tZ3pFeEtQazB2YkhxVTY1WFZn?oc=5,Athletech News,4/22/2026,"CorePower Yoga is expanding its service offerings through a partnership with HigherDose to introduce red light therapy classes, representing a product diversification strategy that could enhance member retention, justify premium pricing tiers, and differentiate the brand in a competitive fitness market. This type of amenity expansion is typically associated with revenue uplift per location and improved studio economics, though financial materiality depends on adoption rates and margin contribution relative to traditional yoga classes.",company,NULL
171,Revolut,d46d3f2b-1254-4e9e-b656-032981fd5d4b,Fintech Revolut preps $100B secondary - Axios,Fintech Revolut preps $100B secondary&nbsp;&nbsp;Axios,59:54.0,https://news.google.com/rss/articles/CBMiekFVX3lxTE81bGpRWENBZDlhVDJXX1dCNS1NQXAycGtpWVEtb1JEMmc3WGEtYXBGT05DZjVKQkpXV0doQWl5OFROT01HREVSUlZzMGNWYnlPZndCWGM0cjBndUNNMjdDckxjYUdGblRJZmtiM3JLN0NvaXBjTXc5SE13?oc=5,Axios,4/22/2026,"Revolut is preparing a secondary share sale that could value the company at $100B, signaling a significant valuation milestone and potential liquidity event for existing investors; this reflects strong business momentum and could impact the company's capital structure, employee equity value, and positioning for future growth or strategic transactions.",company,NULL
172,Revolut,d46d3f2b-1254-4e9e-b656-032981fd5d4b,Article: Rebaza Alcázar helps UK fintech Revolut obtain banking licence in Peru - Latin Lawyer,Article: Rebaza Alcázar helps UK fintech Revolut obtain banking licence in Peru&nbsp;&nbsp;Latin Lawyer,52:05.0,https://news.google.com/rss/articles/CBMipAFBVV95cUxNU2RHQWlkWXNXU1Z0VmppZzBKNkpoZjlkMzRrcWxhYnZlNjd1NFZKNkRxbnNwSVZKRzA3SW5xOU1NOGliUmhNa01ZLVhWdVJKM2pmLW5vNHlBZndvVDM0dnlHVkNYV2h2LUJGNjB2UFJrTnFHTmRNaUd4QWp5WUxkUEZfTF9hMUJqRmRJYjExMnpla2RyRHBnRVZ3XzZFeHU5QnEtVg?oc=5,Latin Lawyer,4/22/2026,"Revolut's obtainment of a banking licence in Peru represents significant geographic expansion into a major Latin American market, enabling the company to offer regulated banking services and expand its revenue streams beyond its core European operations. This regulatory milestone reduces operational constraints in Peru, supports the company's strategy of international expansion, and positions it to capture market share in a high-growth emerging market, which could materially impact future revenue growth and valuation.",company,NULL
173,Revolut,d46d3f2b-1254-4e9e-b656-032981fd5d4b,Revolut Files for U.S. Bank Charter in Second Attempt at License - CoinMarketCap,Revolut Files for U.S. Bank Charter in Second Attempt at License&nbsp;&nbsp;CoinMarketCap,53:46.0,https://news.google.com/rss/articles/CBMipwFBVV95cUxNQ1dYUTM4NnhhWlJMNkV6NTlhTGQ1ajA2am5GbGpKc21MOHJlRlJJd1QwRzRKRTdHbTNnQ1RJeVpHQUlLY0huR0Q5aFF6d3BGc3B0N2hmS0lEYlhiTW04TTFMZGpMZVZBbnV4RmtienBnWjU0Z0tVRlZSbEh2TUI0dzRZYmhyRFFsaWlRN0xWN2JTQ1ozdkpLeE5wQnpRUVZDWXQxX1JKRQ?oc=5,CoinMarketCap,4/22/2026,"Revolut's second attempt at obtaining a U.S. bank charter is strategically critical, as approval would enable the company to offer full banking services domestically, potentially unlocking significant revenue streams and reducing regulatory friction in its largest addressable market. Success would materially improve the company's valuation trajectory and competitive positioning, while failure could constrain U.S. growth and increase reliance on third-party banking partnerships.",company,NULL
174,Revolut,d46d3f2b-1254-4e9e-b656-032981fd5d4b,Why U.S. listings are vital to Wise and Revolut - American Banker,Why U.S. listings are vital to Wise and Revolut&nbsp;&nbsp;American Banker,35:00.0,https://news.google.com/rss/articles/CBMingFBVV95cUxNY0RVd2ZQb2E3eW9Ea25Dazg2bzBaR1RxNThTYTdmZkhITENHdjJVbVl0ZWNzQXFRZmFYNElveDJtd2FhR252NVJhVXVFZDFoM1YwazNZa1Z1Skl3T2hGSVVOZUhUVDlVS1RveHpnMHFnOG1IQkF6djJnNFY1NWJld0FfSDdFMTZ3eGxrVkVTQ21pRDNqelJ0Zi1pZm10QQ?oc=5,American Banker,4/22/2026,"The article directly addresses a critical strategic priority for Revolut's growth and valuation: accessing U.S. capital markets through a public listing, which would provide liquidity for investors, enable acquisitions, and significantly expand its addressable market. A U.S. listing would be transformational for Revolut's revenue potential and enterprise valuation, making it highly material to portfolio performance.",company,NULL
175,Revolut,d46d3f2b-1254-4e9e-b656-032981fd5d4b,Revolut Targeting $200 Billion Valuation in Eventual IPO - PYMNTS.com,Revolut Targeting $200 Billion Valuation in Eventual IPO&nbsp;&nbsp;PYMNTS.com,51:56.0,https://news.google.com/rss/articles/CBMiqAFBVV95cUxOWEpfTzNGOW5ST3ZIb3RtcU9HU0lwbzZiTWNXT1Uxc01VVGJscTBJclpHTXVSbHRrYWQ3cDlqWS1CQjdxVXktc28yYkZGWGF4UlR0YkpMeGI0VEtkbnN2MmFNdmZqSnJQT3pORlNoRldhOUx0TzdxMk1feG5Bdy1VaVJETjBpMUJGRUFtdnFZdTRPWDJJa2pQZnRTX1dqTUIzOFBIVEhSNDM?oc=5,PYMNTS.com,4/22/2026,"Revolut's $200 billion IPO valuation target signals management's confidence in the company's growth trajectory and provides critical insight into potential exit value for PE investors, directly impacting expected returns and exit multiples. This announcement reflects the company's progress toward profitability and market expansion, which are key drivers of enterprise value in the high-growth fintech sector.",company,NULL
176,Revolut,d46d3f2b-1254-4e9e-b656-032981fd5d4b,Revolut CEO Storonsky Says Digital Bank’s IPO Is Two Years Out - Bloomberg.com,Revolut CEO Storonsky Says Digital Bank’s IPO Is Two Years Out&nbsp;&nbsp;Bloomberg.com,00:00.0,https://news.google.com/rss/articles/CBMiswFBVV95cUxQR05ZMVNOMEphT0laYnRLY1ZjRlZ3SDFIcUluN19DUzBhVTcxdThRZmZuSjZtRmZQWmpjc2FKX1hoWmxYVUZiXzBkeTd1ZmhUUlNJTk9wcmN0MDVCX2JfZE5JU0lzb3FNRVQ5MnpyckJ4RmotMDZrOGl1R2RobGZxdWw2enhhRUZQem9WNnptX19ieGwyQXNhcjh5UVgtRnBrQXk3c1lKd01sNDBGMzBKWWtvdw?oc=5,Bloomberg.com,4/22/2026,"The CEO's public statement of a two-year IPO timeline is strategically significant, indicating Revolut's trajectory toward going public and likely triggering increased scrutiny of profitability, regulatory compliance, and unit economics ahead of listing. This timeline directly impacts valuation expectations, investor positioning, and the company's capital structure planning, as the path to IPO typically requires demonstrated sustainable growth and margin improvement.",company,NULL
177,Revolut,d46d3f2b-1254-4e9e-b656-032981fd5d4b,Revolut aims for $200bn valuation in stock market listing - Financial Times,Revolut aims for $200bn valuation in stock market listing&nbsp;&nbsp;Financial Times,17:19.0,https://news.google.com/rss/articles/CBMihAFBVV95cUxNWDFLTXJFM2NhQktSdFZvUjZYemVfNDNMRS15MzhlT0Z1T2NxR3Q0MWNWT0tUd3IyX2dCSWpVcEZVTkprejZCc0I1WEItOUMyVTRHUnZFS01aczM2aUthOHY3NDRsUy05OEQxbkxhdVhKOWszREJVZGZDRG1XYllwc2FXWjA?oc=5,Financial Times,4/22/2026,"Revolut's pursuit of a $200bn public market valuation represents a critical milestone for the fintech neobank, signaling investor confidence in its business model and growth trajectory while potentially unlocking liquidity for early shareholders and capital for expansion. An IPO at this valuation would represent substantial value creation from the company's founding and could materially impact its cost of capital, operational flexibility, and ability to pursue strategic acquisitions—directly affecting future revenue growth, profitability margins, and shareholder returns for PE investors.",company,NULL
178,Revolut,d46d3f2b-1254-4e9e-b656-032981fd5d4b,Revolut targets a $200 billion IPO just months after its $75 billion share sale - CoinDesk,Revolut targets a $200 billion IPO just months after its $75 billion share sale&nbsp;&nbsp;CoinDesk,10:29.0,https://news.google.com/rss/articles/CBMi0AFBVV95cUxNR2paeEdGaV9jTjlkY1N0Y3hSb3F3c2ZxNURtMzUxckVFR3V6Nm1rQ1ZmTnZveWZqNG9JbmdTS0NQdmtXUnEtUjRseWNiYzdrS3FWWmU0WGdtTWswQXpBS0R3ek93SzhjS1N4RklWck03XzlzRk41LU5uYXl6WTNGZ18tRjBpX2RqQm9pdmVqM05JXzZPRm1Cd2xON0lsYXF6QzQxdVdGNkl2X0FLOWpJVGRxMGlxTlBOZldlZEpHSG9WbUtndllvMUJ0VUlHZUF5?oc=5,CoinDesk,4/22/2026,"This article addresses a major capital event with significant valuation implications, reporting Revolut's IPO targeting a $200 billion valuation shortly after a $75 billion secondary share sale. The reported valuation trajectory and public market transition would materially impact the company's cost of capital, shareholder structure, and financial flexibility, representing a critical milestone for PE investors' exit strategy and potential returns.",company,NULL
179,Revolut,d46d3f2b-1254-4e9e-b656-032981fd5d4b,Revolut Targeting $200 Billion Valuation in IPO—But Not Until 2028: FT - Decrypt,Revolut Targeting $200 Billion Valuation in IPO—But Not Until 2028: FT&nbsp;&nbsp;Decrypt,23:06.0,https://news.google.com/rss/articles/CBMijAFBVV95cUxNbkszU2NuemUxbTZVS29FMUJsN1pKVENKUUFUWUpQMjZzR21TZDgtanpYa0ZGbDdLZXFQN25sLXRCNUxNOGVUeGIwN3E2UTM2QmpnVGZTT0QzT192N19yS3M5UDNRaXhJSlctZi0xb1dBVzhwMXFSYm9RY29yaDBxaFJSdnhUMkJKTG1UetIBlAFBVV95cUxPR1RxeUd1WUNVZ2ppZmpubGV0REdfNmZ1UTJnNTVId3E2R3k0X1BLdEdDdUo2Z3BmOWVLYVpVd3BhcGFLbVRSeHc4c1hVZ0VHeWwzTFQzNGx0Y09RcEdPcWJzUW5fRjNRYlAzdUx1clZyMGE4WW5kOXNMdi1VMzhqcjllQlo1VThjSUplMUJ1LUdGXzNI?oc=5,Decrypt,4/22/2026,"Revolut is signaling an IPO target of $200 billion valuation by 2028, which directly impacts capital structure, investor exit strategy, and the company's path to public markets—a critical milestone for PE stakeholders. This timeline and valuation anchor suggest management confidence in growth trajectory and profitability milestones needed to support such a valuation at IPO, with meaningful implications for current shareholder dilution and return multiples.",company,NULL
180,Revolut,d46d3f2b-1254-4e9e-b656-032981fd5d4b,Italy Fined Revolut €11.5 Million for Consumer Violations. The Smallest Charge Reveals the Largest Problem. - FinTech Weekly,Italy Fined Revolut €11.5 Million for Consumer Violations. The Smallest Charge Reveals the Largest Problem.&nbsp;&nbsp;FinTech Weekly,00:00.0,https://news.google.com/rss/articles/CBMiiwFBVV95cUxQSEdKc2NBTEFoTk1SOVlBemk2TVQ3T01VMTQxYWVqVWwwWENFTFpDTjVxc3VuUWs2dmpVS2Nfb21iSXZ1Mm1kOEJOR3d0TGFHbXJlZ3BQTVFfdTNkR2tWeGpGcnZSUDJVM08tTFprZUtXRHJ5WFBTMUg1bi14eWdtMUVqdGhUVHI5V2V3?oc=5,FinTech Weekly,4/22/2026,"Revolut faces an €11.5 million regulatory fine from Italy for consumer violations, which directly impacts near-term profitability and signals ongoing compliance risks that could affect the company's path to profitability and valuation multiples. This penalty, combined with the article's suggestion of a broader systemic issue (""the largest problem""), raises concerns about potential additional regulatory actions across other European jurisdictions where Revolut operates, threatening both margins and growth momentum.",company,NULL
181,Training Co,e392661f-9eb4-4282-a57b-502851cb49fe,"Swim Training Co.'s IPO Was Pump-And-Dump, Suit Says - Law360","Swim Training Co.'s IPO Was Pump-And-Dump, Suit Says&nbsp;&nbsp;Law360",05:00.0,https://news.google.com/rss/articles/CBMiVkFVX3lxTE1mVi1kTE85WWZmenNFcDZDeDhRZlBZOFVqWTdLSzJlUUg0SlBzSkk4R0ZXM1I4ZlRLSmc2LUtBTGZmNEhCOWFsczRyejRIQzBaRHdobmdn0gFWQVVfeXFMTWZWLWRMTzlZZmZ6c0VwNkN4OFFmUFk4VWpZN0tLMmVRSDRKUHNKSThHRlczUjhmVEtKZzYtS0FMZmY0SEI5YWxzNHJ6NEhDMFpEd2huZ2c?oc=5,Law360,4/22/2026,"A pump-and-dump lawsuit against Swim Training Co.'s IPO represents significant litigation risk that could impact valuation, shareholder confidence, and potentially result in financial settlements or regulatory penalties. This legal action directly threatens the company's market credibility and financial performance, making it material to TSG Consumer Partners' portfolio assessment.",company,NULL
182,Mavis,,"Exclusive: US trade rep tells Mexican companies Trump tariffs here to stay, sources say - Reuters","Exclusive: US trade rep tells Mexican companies Trump tariffs here to stay, sources say&nbsp;&nbsp;Reuters",14:47.0,https://news.google.com/rss/articles/CBMi1AFBVV95cUxNb042a1JwRU1Udk9hSkc2czJzbzJIU0ZIUURwRnh1S2lOcEFJSDN5LWo5OUo2YURyZDNkVVBRZzk5Y0Vtd0oxbmhreDFRVzBCZVVhaGNKbjIwcVRheGg1VTB0UzVKU1Z3amZMTXpreElBaWxsVkNFT1AyZE5aZi1nbWxSR085bXZ1eVl1Z01hTUh0MEMySFJXVHdBVGpfRERwMUhPS21YZzBVQklmaHczeXpXRGJvX2F1SnFwRmV3Q1Bxak1jblNWUHR5ZmhlOXJUWmRNNQ?oc=5,Reuters,4/22/2026,"[Tariff-driven input cost pressure on imported auto parts and steel/aluminum components] Trump administration's commitment to sustaining tariffs on Mexican imports will durably increase input costs for automotive parts manufacturers and tire retailers sourcing components and materials from Mexico, compressing gross margins unless price increases can be passed to consumers. This represents a material structural headwind to profitability across the sector, particularly affecting larger retailers and manufacturers with significant Mexican supply exposure (e.g., tire imports, fasteners, steel).",industry,Auto Parts & Services
183,Mavis,,Martinrea’s 2026 outlook unchanged amid U.S. metal tariff changes - Automotive News,Martinrea’s 2026 outlook unchanged amid U.S. metal tariff changes&nbsp;&nbsp;Automotive News,47:00.0,https://news.google.com/rss/articles/CBMiggFBVV95cUxQc0JwVmZwWjFuZWc5Q2dIZGt6b0FsOERsU1RiTjZMaWxZazRlNWFYTmxST2dJU3F5cnN6c1F5MWU5Um1YV0FmekREbEYxUG5yY3lOWXZCcHdXQ1BpYU1YOXl2bktpaEJYWldWMUZ1X1RDT0l3ZFRrVlZjY3hSMXhCSmZn?oc=5,Automotive News,4/22/2026,"[Tariff-driven input cost uncertainty and mitigation strategy validation] Martinrea, a major automotive parts supplier, has confirmed its 2026 outlook despite U.S. metal tariff changes, signaling that either tariffs have been priced in or mitigation strategies (sourcing diversification, pricing pass-through) are proving effective—a critical data point for downstream auto parts manufacturers and service chains assessing input cost sustainability. This suggests tariff impacts may be more manageable than feared for 2026, potentially stabilizing gross margins across the sector if competitors can execute similar mitigation tactics.",industry,Auto Parts & Services
184,Mavis,,"The President Signs Proclamation Overhauling Section 232 Tariffs on Steel, Aluminum, and Copper - ArentFox Schiff","The President Signs Proclamation Overhauling Section 232 Tariffs on Steel, Aluminum, and Copper&nbsp;&nbsp;ArentFox Schiff",00:00.0,https://news.google.com/rss/articles/CBMiuwFBVV95cUxQZFZxck5ubkZ4TnduN1dDZklob3VpbW05aU4wSl9zNVIxOFNxaDY1MjU2UTBzVlVVVkdWSmpGR2MwRmhOSVdtVXEzWG5FajFCUVkyMWhvOEtrQjhxNXhMajlpUmNtYVU1NDFReEd6aTdrc3o1NTJjY1U3b1EyOVFEYS01dWYzVExScy0xSmlFQWlzY0tPN2NYUE5kNGlrX3NEMDhRaXlzMWJkUzdfSGo3cDVUZGtUbUhHcTBN?oc=5,ArentFox Schiff,4/22/2026,"[Tariff-driven input cost pressure on steel and aluminum — key materials in tire manufacturing, wheels, fasteners, and auto parts production.] Section 232 tariff changes on steel, aluminum, and copper will directly affect the cost structure of tire manufacturers (which require steel wire and aluminum components), wheel producers, fastener suppliers, and other parts manufacturers in this sector. Depending on whether tariffs were raised, lowered, or restructured, this will materially impact gross margins, pricing power, and competitiveness — particularly for retailers and chains (AutoZone, O'Reilly, Monro, Discount Tire) that source imported or tariff-exposed parts and components.",industry,Auto Parts & Services
185,Mavis,,"Trump adjusts tariffs for steel, aluminum, copper - Supply Chain Dive","Trump adjusts tariffs for steel, aluminum, copper&nbsp;&nbsp;Supply Chain Dive",00:00.0,https://news.google.com/rss/articles/CBMilgFBVV95cUxQUDg0VXVZODNacUtrVEZ0Ym1KajBNdENlemdza1VEeUJJU3VmRnpqWG11X0hkeXBfQ1FpUVN6T3hUZHFWWXIxY1NIV1dzQzhoYlRSVERvbjNKcWtlc3JQemk4OWxUdXdwT01yU2RMdGFKVTJ5VnVVYzIycWhJWmEybUV0QmloT3RrblpGbmxIR3dDejlhbXc?oc=5,Supply Chain Dive,4/22/2026,"[Tariff-driven input cost pressure on steel, aluminum, and copper] Steel, aluminum, and copper are critical input materials for tire manufacturing, auto parts production, and service equipment; tariff adjustments directly affect COGS and could compress margins across tire retailers, parts manufacturers, and service chains unless passed to consumers. Given the sector's historically thin margins and price-sensitive consumer base, tariff changes materially affect profitability and may require strategic pricing/sourcing decisions for companies like AutoZone, O'Reilly, Monro, and Discount Tire.",industry,Auto Parts & Services
186,PowerStop,,"Exclusive: US trade rep tells Mexican companies Trump tariffs here to stay, sources say - Reuters","Exclusive: US trade rep tells Mexican companies Trump tariffs here to stay, sources say&nbsp;&nbsp;Reuters",14:47.0,https://news.google.com/rss/articles/CBMi1AFBVV95cUxNb042a1JwRU1Udk9hSkc2czJzbzJIU0ZIUURwRnh1S2lOcEFJSDN5LWo5OUo2YURyZDNkVVBRZzk5Y0Vtd0oxbmhreDFRVzBCZVVhaGNKbjIwcVRheGg1VTB0UzVKU1Z3amZMTXpreElBaWxsVkNFT1AyZE5aZi1nbWxSR085bXZ1eVl1Z01hTUh0MEMySFJXVHdBVGpfRERwMUhPS21YZzBVQklmaHczeXpXRGJvX2F1SnFwRmV3Q1Bxak1jblNWUHR5ZmhlOXJUWmRNNQ?oc=5,Reuters,4/22/2026,"[Tariff-driven input cost pressure on imported auto parts and steel/aluminum components] Trump administration's commitment to sustaining tariffs on Mexican imports will durably increase input costs for automotive parts manufacturers and tire retailers sourcing components and materials from Mexico, compressing gross margins unless price increases can be passed to consumers. This represents a material structural headwind to profitability across the sector, particularly affecting larger retailers and manufacturers with significant Mexican supply exposure (e.g., tire imports, fasteners, steel).",industry,Auto Parts & Services
187,PowerStop,,Martinrea’s 2026 outlook unchanged amid U.S. metal tariff changes - Automotive News,Martinrea’s 2026 outlook unchanged amid U.S. metal tariff changes&nbsp;&nbsp;Automotive News,47:00.0,https://news.google.com/rss/articles/CBMiggFBVV95cUxQc0JwVmZwWjFuZWc5Q2dIZGt6b0FsOERsU1RiTjZMaWxZazRlNWFYTmxST2dJU3F5cnN6c1F5MWU5Um1YV0FmekREbEYxUG5yY3lOWXZCcHdXQ1BpYU1YOXl2bktpaEJYWldWMUZ1X1RDT0l3ZFRrVlZjY3hSMXhCSmZn?oc=5,Automotive News,4/22/2026,"[Tariff-driven input cost uncertainty and mitigation strategy validation] Martinrea, a major automotive parts supplier, has confirmed its 2026 outlook despite U.S. metal tariff changes, signaling that either tariffs have been priced in or mitigation strategies (sourcing diversification, pricing pass-through) are proving effective—a critical data point for downstream auto parts manufacturers and service chains assessing input cost sustainability. This suggests tariff impacts may be more manageable than feared for 2026, potentially stabilizing gross margins across the sector if competitors can execute similar mitigation tactics.",industry,Auto Parts & Services
188,PowerStop,,"The President Signs Proclamation Overhauling Section 232 Tariffs on Steel, Aluminum, and Copper - ArentFox Schiff","The President Signs Proclamation Overhauling Section 232 Tariffs on Steel, Aluminum, and Copper&nbsp;&nbsp;ArentFox Schiff",00:00.0,https://news.google.com/rss/articles/CBMiuwFBVV95cUxQZFZxck5ubkZ4TnduN1dDZklob3VpbW05aU4wSl9zNVIxOFNxaDY1MjU2UTBzVlVVVkdWSmpGR2MwRmhOSVdtVXEzWG5FajFCUVkyMWhvOEtrQjhxNXhMajlpUmNtYVU1NDFReEd6aTdrc3o1NTJjY1U3b1EyOVFEYS01dWYzVExScy0xSmlFQWlzY0tPN2NYUE5kNGlrX3NEMDhRaXlzMWJkUzdfSGo3cDVUZGtUbUhHcTBN?oc=5,ArentFox Schiff,4/22/2026,"[Tariff-driven input cost pressure on steel and aluminum — key materials in tire manufacturing, wheels, fasteners, and auto parts production.] Section 232 tariff changes on steel, aluminum, and copper will directly affect the cost structure of tire manufacturers (which require steel wire and aluminum components), wheel producers, fastener suppliers, and other parts manufacturers in this sector. Depending on whether tariffs were raised, lowered, or restructured, this will materially impact gross margins, pricing power, and competitiveness — particularly for retailers and chains (AutoZone, O'Reilly, Monro, Discount Tire) that source imported or tariff-exposed parts and components.",industry,Auto Parts & Services
189,PowerStop,,"Trump adjusts tariffs for steel, aluminum, copper - Supply Chain Dive","Trump adjusts tariffs for steel, aluminum, copper&nbsp;&nbsp;Supply Chain Dive",00:00.0,https://news.google.com/rss/articles/CBMilgFBVV95cUxQUDg0VXVZODNacUtrVEZ0Ym1KajBNdENlemdza1VEeUJJU3VmRnpqWG11X0hkeXBfQ1FpUVN6T3hUZHFWWXIxY1NIV1dzQzhoYlRSVERvbjNKcWtlc3JQemk4OWxUdXdwT01yU2RMdGFKVTJ5VnVVYzIycWhJWmEybUV0QmloT3RrblpGbmxIR3dDejlhbXc?oc=5,Supply Chain Dive,4/22/2026,"[Tariff-driven input cost pressure on steel, aluminum, and copper] Steel, aluminum, and copper are critical input materials for tire manufacturing, auto parts production, and service equipment; tariff adjustments directly affect COGS and could compress margins across tire retailers, parts manufacturers, and service chains unless passed to consumers. Given the sector's historically thin margins and price-sensitive consumer base, tariff changes materially affect profitability and may require strategic pricing/sourcing decisions for companies like AutoZone, O'Reilly, Monro, and Discount Tire.",industry,Auto Parts & Services
190,Rough Country,,"Exclusive: US trade rep tells Mexican companies Trump tariffs here to stay, sources say - Reuters","Exclusive: US trade rep tells Mexican companies Trump tariffs here to stay, sources say&nbsp;&nbsp;Reuters",14:47.0,https://news.google.com/rss/articles/CBMi1AFBVV95cUxNb042a1JwRU1Udk9hSkc2czJzbzJIU0ZIUURwRnh1S2lOcEFJSDN5LWo5OUo2YURyZDNkVVBRZzk5Y0Vtd0oxbmhreDFRVzBCZVVhaGNKbjIwcVRheGg1VTB0UzVKU1Z3amZMTXpreElBaWxsVkNFT1AyZE5aZi1nbWxSR085bXZ1eVl1Z01hTUh0MEMySFJXVHdBVGpfRERwMUhPS21YZzBVQklmaHczeXpXRGJvX2F1SnFwRmV3Q1Bxak1jblNWUHR5ZmhlOXJUWmRNNQ?oc=5,Reuters,4/22/2026,"[Tariff-driven input cost pressure on imported auto parts and steel/aluminum components] Trump administration's commitment to sustaining tariffs on Mexican imports will durably increase input costs for automotive parts manufacturers and tire retailers sourcing components and materials from Mexico, compressing gross margins unless price increases can be passed to consumers. This represents a material structural headwind to profitability across the sector, particularly affecting larger retailers and manufacturers with significant Mexican supply exposure (e.g., tire imports, fasteners, steel).",industry,Auto Parts & Services
191,Rough Country,,Martinrea’s 2026 outlook unchanged amid U.S. metal tariff changes - Automotive News,Martinrea’s 2026 outlook unchanged amid U.S. metal tariff changes&nbsp;&nbsp;Automotive News,47:00.0,https://news.google.com/rss/articles/CBMiggFBVV95cUxQc0JwVmZwWjFuZWc5Q2dIZGt6b0FsOERsU1RiTjZMaWxZazRlNWFYTmxST2dJU3F5cnN6c1F5MWU5Um1YV0FmekREbEYxUG5yY3lOWXZCcHdXQ1BpYU1YOXl2bktpaEJYWldWMUZ1X1RDT0l3ZFRrVlZjY3hSMXhCSmZn?oc=5,Automotive News,4/22/2026,"[Tariff-driven input cost uncertainty and mitigation strategy validation] Martinrea, a major automotive parts supplier, has confirmed its 2026 outlook despite U.S. metal tariff changes, signaling that either tariffs have been priced in or mitigation strategies (sourcing diversification, pricing pass-through) are proving effective—a critical data point for downstream auto parts manufacturers and service chains assessing input cost sustainability. This suggests tariff impacts may be more manageable than feared for 2026, potentially stabilizing gross margins across the sector if competitors can execute similar mitigation tactics.",industry,Auto Parts & Services
192,Rough Country,,"The President Signs Proclamation Overhauling Section 232 Tariffs on Steel, Aluminum, and Copper - ArentFox Schiff","The President Signs Proclamation Overhauling Section 232 Tariffs on Steel, Aluminum, and Copper&nbsp;&nbsp;ArentFox Schiff",00:00.0,https://news.google.com/rss/articles/CBMiuwFBVV95cUxQZFZxck5ubkZ4TnduN1dDZklob3VpbW05aU4wSl9zNVIxOFNxaDY1MjU2UTBzVlVVVkdWSmpGR2MwRmhOSVdtVXEzWG5FajFCUVkyMWhvOEtrQjhxNXhMajlpUmNtYVU1NDFReEd6aTdrc3o1NTJjY1U3b1EyOVFEYS01dWYzVExScy0xSmlFQWlzY0tPN2NYUE5kNGlrX3NEMDhRaXlzMWJkUzdfSGo3cDVUZGtUbUhHcTBN?oc=5,ArentFox Schiff,4/22/2026,"[Tariff-driven input cost pressure on steel and aluminum — key materials in tire manufacturing, wheels, fasteners, and auto parts production.] Section 232 tariff changes on steel, aluminum, and copper will directly affect the cost structure of tire manufacturers (which require steel wire and aluminum components), wheel producers, fastener suppliers, and other parts manufacturers in this sector. Depending on whether tariffs were raised, lowered, or restructured, this will materially impact gross margins, pricing power, and competitiveness — particularly for retailers and chains (AutoZone, O'Reilly, Monro, Discount Tire) that source imported or tariff-exposed parts and components.",industry,Auto Parts & Services
193,Rough Country,,"Trump adjusts tariffs for steel, aluminum, copper - Supply Chain Dive","Trump adjusts tariffs for steel, aluminum, copper&nbsp;&nbsp;Supply Chain Dive",00:00.0,https://news.google.com/rss/articles/CBMilgFBVV95cUxQUDg0VXVZODNacUtrVEZ0Ym1KajBNdENlemdza1VEeUJJU3VmRnpqWG11X0hkeXBfQ1FpUVN6T3hUZHFWWXIxY1NIV1dzQzhoYlRSVERvbjNKcWtlc3JQemk4OWxUdXdwT01yU2RMdGFKVTJ5VnVVYzIycWhJWmEybUV0QmloT3RrblpGbmxIR3dDejlhbXc?oc=5,Supply Chain Dive,4/22/2026,"[Tariff-driven input cost pressure on steel, aluminum, and copper] Steel, aluminum, and copper are critical input materials for tire manufacturing, auto parts production, and service equipment; tariff adjustments directly affect COGS and could compress margins across tire retailers, parts manufacturers, and service chains unless passed to consumers. Given the sector's historically thin margins and price-sensitive consumer base, tariff changes materially affect profitability and may require strategic pricing/sourcing decisions for companies like AutoZone, O'Reilly, Monro, and Discount Tire.",industry,Auto Parts & Services
194,EoS,,Nike closes its boutique fitness studios - Australasian Leisure Management Magazine,Nike closes its boutique fitness studios&nbsp;&nbsp;Australasian Leisure Management Magazine,00:00.0,https://news.google.com/rss/articles/CBMigAFBVV95cUxOdUNXTFpaX0wtS2xaamZMX0JoWDF3b3pPNXpVOHU5M2lCUmVGdlM5d0NMRnNRaEswZDZxX3g4Vnc2TFBMcXFDVGhENjhLTC0ySDJRbC1iMUh6YWtLc1lWdlhkZFZBQkdDaHBtWTlURVZOWmVVSjh3UE5zTlZ6MFAwRg?oc=5,Australasian Leisure Management Magazine,4/22/2026,"[Competitor studio closure reducing boutique fitness supply and signaling market consolidation] Nike's exit from boutique fitness studios removes a well-capitalized competitor from the market, potentially reducing competitive pressure on pricing and member acquisition costs for remaining players like Orangetheory, F45, and independent studios. This signals that even major brands with significant resources are exiting the boutique fitness space, which could indicate margin pressure or demand saturation—a cautionary indicator for the sector's growth assumptions and valuation multiples.",industry,Fitness & Wellness
195,Core Power,,Nike closes its boutique fitness studios - Australasian Leisure Management Magazine,Nike closes its boutique fitness studios&nbsp;&nbsp;Australasian Leisure Management Magazine,00:00.0,https://news.google.com/rss/articles/CBMigAFBVV95cUxOdUNXTFpaX0wtS2xaamZMX0JoWDF3b3pPNXpVOHU5M2lCUmVGdlM5d0NMRnNRaEswZDZxX3g4Vnc2TFBMcXFDVGhENjhLTC0ySDJRbC1iMUh6YWtLc1lWdlhkZFZBQkdDaHBtWTlURVZOWmVVSjh3UE5zTlZ6MFAwRg?oc=5,Australasian Leisure Management Magazine,4/22/2026,"[Competitor studio closure reducing boutique fitness supply and signaling market consolidation] Nike's exit from boutique fitness studios removes a well-capitalized competitor from the market, potentially reducing competitive pressure on pricing and member acquisition costs for remaining players like Orangetheory, F45, and independent studios. This signals that even major brands with significant resources are exiting the boutique fitness space, which could indicate margin pressure or demand saturation—a cautionary indicator for the sector's growth assumptions and valuation multiples.",industry,Fitness & Wellness
196,Wrench Group,,General Atlantic Completes $3 Billion Acquisition of Team Services Holding - PYMNTS.com,General Atlantic Completes $3 Billion Acquisition of Team Services Holding&nbsp;&nbsp;PYMNTS.com,00:00.0,https://news.google.com/rss/articles/CBMiqwFBVV95cUxPMDVyM3Y5ZVE5RktzUXBzX05CVFJuc21sem1rVnNsdlJ2VzZJVUw1YlNhblVIT3h0OTBtUS1GZ3B4c09rQzlMbXhLNHZLaDMxc1AxMGZTMkwyMW9QLVMwdGhQdlJ2RE91b0hFVXdMV1FZazczcEV1dE1zckwxMWhPRlJOV29uUGtlSDRxZlFlQl83alA2NDBUX3YySkZaVkRFRFpmdU96Y1ZtMk0?oc=5,PYMNTS.com,4/22/2026,"[PE consolidation and valuation benchmark signal in home services M&A market] A $3 billion acquisition of a major home services platform by a top-tier PE firm (General Atlantic) establishes a significant valuation multiple and demonstrates sustained PE appetite for sector consolidation, which will likely influence acquisition pricing for regional HVAC, plumbing, and electrical operators and may pressure independent competitors to consider exit strategies or accelerate M&A activity. This signals to public and private operators that consolidated, multi-service platforms command premium valuations, potentially reshaping competitive dynamics and raising the cost of capital for standalone regional players seeking growth.",industry,Home Services & HVAC
197,Wrench Group,,HVAC Manufacturers Face Price-Fixing Lawsuit - Modern Distribution Management,HVAC Manufacturers Face Price-Fixing Lawsuit&nbsp;&nbsp;Modern Distribution Management,48:44.0,https://news.google.com/rss/articles/CBMizgFBVV95cUxQc3R6TkhTN3pHcWZEeThNNWQwS3gzN3hWaTVhUWZ3V0NyLVg2QzF0dkF3TGZWN3hwdFlkVmNJNTZZcXRxZ0xHLXRTRzdvWE1FSGhKWkZadHY0RDhLNVgzbS16TzhaOHNmdlZwTnR1RERCOVVsM0hWTEtzLTZQVy1va3UwbEVOXzZlMlFIQXNqMEU0dldscngxWjlMeWZJTFVIUm1jUC14QlBoaTB6d1kyRDJXSWs0UnpzeUJZNGk4MlNOaDdTeUhFUFV2YUdsQQ?oc=5,Modern Distribution Management,4/22/2026,"[Manufacturer pricing power constraint & potential margin compression from antitrust liability] A price-fixing lawsuit against HVAC manufacturers directly threatens the cost structure that home services contractors depend on. If plaintiffs succeed, manufacturers may face damages, consent decrees limiting pricing coordination, or forced price reductions—lowering a major input cost for service providers but also potentially reducing contractor margins if distributors/manufacturers pass through legal costs or if competitive pricing intensifies downstream.",industry,Home Services & HVAC
198,Trinity Solar,,U.S. solar module prices face upward pressure as trade risks and FEOC rules dominate Q1 2026 - pv magazine USA,U.S. solar module prices face upward pressure as trade risks and FEOC rules dominate Q1 2026&nbsp;&nbsp;pv magazine USA,00:00.0,https://news.google.com/rss/articles/CBMiywFBVV95cUxPQS1KOUN2cEVBMnBzYlJqdUR3blQwa190M3hOd0IyMkdvVTUtYWVmVlJ6ZlNGNUc4VXlEUUhMaW1Fd2ZNLTlJaUY4VmgtVXN6MDhhcE92blFkbXZnZjY1SEVmMHYtYVVNNTVNbHpjY1Y4LU1PX29sd1h6My1OdWVyOUdEN1NCODlTcFpqU3dxcjJTSzM3aUNLMEozay0yTkxVLVliMlg2c19CcVlYb0lqbEpyUnRlbGR4QmF0RktWcUFrbmdIOElJRjJHRQ?oc=5,pv magazine USA,4/22/2026,"[Trade tariff risk and FEOC compliance cost pressure on solar module procurement] Solar installers face near-term margin compression from rising module import costs due to trade policy uncertainty and new Foreign Extraction of Critical Minerals (FEOC) compliance rules, directly pressuring gross margins and potentially forcing price increases to customers that could dampen demand. This input cost shock is particularly material for integrated installers like Sunrun and SunPower that rely on stable module pricing to maintain customer acquisition economics and system profitability.",industry,Residential Solar
199,Trinity Solar,,Residential solar company Freedom Forever files chapter 11 bankruptcy - pv magazine USA,Residential solar company Freedom Forever files chapter 11 bankruptcy&nbsp;&nbsp;pv magazine USA,37:46.0,https://news.google.com/rss/articles/CBMirgFBVV95cUxPcl9qTTQwSndhZTZWVWptRHI5eVJWcXJEaTA2SUpsY2tuTUNkR1NVUDQwdGRMUHE0WlpoX0VqWmZKY1QtdnlTQjBSSk1rU2QzRG9zMmNsMXlBV2NIYkdxclFpS1JPOHVTTkdxVTNFaGZ2SDFabTNXYW1tYUpoY0pTWFItMjZCbnlUYjg5S0V5dlZJV3ZSZXpYN1BYSVpTR3o3LUZ0TExmQTZYTnMyYmc?oc=5,pv magazine USA,4/22/2026,"[Competitor bankruptcy creating market consolidation and potential customer acquisition opportunity] Freedom Forever's Chapter 11 filing signals financial stress in the residential solar installation market, likely driven by financing cost pressures, permitting delays, or demand softness—risks that affect all installers but create an opportunity for better-capitalized competitors (Sunrun, SunPower, Sunnova) to acquire distressed customer contracts and market share. The bankruptcy also provides a cautionary benchmark for investor risk assessment regarding installer leverage, working capital management, and sensitivity to interest rate increases on solar loan portfolios.",industry,Residential Solar
200,Trinity Solar,,Residential solar installer Freedom Forever files bankruptcy - Solar Power World,Residential solar installer Freedom Forever files bankruptcy&nbsp;&nbsp;Solar Power World,00:51.0,https://news.google.com/rss/articles/CBMiqwFBVV95cUxQLVJ1WU5SZEJodVdRQ19XQTNDcEVaN19lZ25WY1FNY04wYmh1eEM3cHZOSHBlQjAxaTVBVENmODFyeW81cXF1RDM1Y3B6WmxMQll3SnpyM2ZhS1dyOURrNG5Tb3B5UjJlelNQOGw5czlCN0JoYWVwWGlJTHlxQVBvckpfeko0dnBmandUTXNzQy1OS3dFNTZwYUo3RHVEdE16bVJjcXBNMTVIOXM?oc=5,Solar Power World,4/22/2026,"[Competitor bankruptcy creating market consolidation and potential customer acquisition opportunity] Freedom Forever's bankruptcy signals margin compression and customer acquisition cost pressures across the residential solar installer market, likely driven by high financing costs, permitting delays, or installation inefficiencies. Larger competitors like Sunrun and Momentum Solar may acquire Freedom Forever's customer contracts and install base at a discount, accelerating industry consolidation and reshaping competitive positioning and market share dynamics.",industry,Residential Solar
201,Trinity Solar,,Solar Co. Freedom Forever Hits Ch. 11 With Over $500M Debt - Law360,Solar Co. Freedom Forever Hits Ch. 11 With Over $500M Debt&nbsp;&nbsp;Law360,03:00.0,https://news.google.com/rss/articles/CBMimwFBVV95cUxNZVdzSXlNSVJleWZ1ZUZJQ3NrSjJfcFdUT2JnN054SVE2UDlxaUVkaGk0aU9VQlphd2FtTlpteG54U3RFd3AzRjZpd1pCMGNrMVpCR2NOMjBGd0R4R05aLWl1XzRESVdMOUpZTlFONHlrYzAxSnBvbnc4aWlwOGdYZVAxVk1talhoZXZOTjVUTDJ1emdJWUVYUTBQUdIBVkFVX3lxTE1WbmZ2b19ZUkZDLVZicGFLQUdUTl9fZU8xcFo4ZHR2SjdEU0Y3QlpsTzdRdG55Y2Jrcm5ydkJ5SWNtSlBBbzJtekRHNjNJSng1akVmZ0xn?oc=5,Law360,4/22/2026,"[Competitor bankruptcy creating market share and financing landscape disruption] Freedom Forever's Chapter 11 filing signals potential strain in the residential solar financing model and removes a mid-size competitor from the market, potentially benefiting larger players (Sunrun, Vivint Solar) through customer acquisition and reduced competitive pricing pressure. The $500M+ debt level also highlights refinancing risks across the sector if interest rates remain elevated or credit conditions tighten, directly impacting the cost of capital for solar loan portfolios that are central to installer profitability.",industry,Residential Solar
202,BrewDog,,Craft beer industry sees record-setting declines in 2025 - Axios,Craft beer industry sees record-setting declines in 2025&nbsp;&nbsp;Axios,00:00.0,https://news.google.com/rss/articles/CBMiigFBVV95cUxQSXJiaVEzUjdBdmxoVGRMWVZGTUJtZmdpMVF0Nk5MNmtVYUlNdHRYNi1jYXVkVTVWQXFweW9iRHhOZmtwbm9CbHVZdDV0MV9yLUpVbzloN1I2UnhBVnB2aGk4MDdJUTF3VjNYRWlqdjNlQ050NkMyVWlZQVk1LWJPalZWSEFBLXFnOVE?oc=5,Axios,4/22/2026,"[Record-setting volume declines in craft beer segment signaling demand contraction and potential margin compression across breweries and distributors.] Craft breweries face simultaneous headwinds: declining volumes directly reduce revenue per SKU and leverage fixed costs (taprooms, production capacity), while distributor partners may respond by reducing shelf space allocation or consolidating supplier relationships, creating both top-line and competitive positioning risk for smaller PE portfolio companies. Valuations of craft beer holdings dependent on volume growth assumptions will require immediate downward revision, and distressed assets or M&A exits may accelerate if declines persist into Q2 2025.",industry,Craft Beer & Beverage
203,BrewDog,,Firestone Walker and Duvel USA to Acquire Stone Brewing From Sapporo - VinePair,Firestone Walker and Duvel USA to Acquire Stone Brewing From Sapporo&nbsp;&nbsp;VinePair,38:40.0,https://news.google.com/rss/articles/CBMigwFBVV95cUxPeENmSnpKb2wxQmFtVXpxWkRxZEpxdE5wZGczMmg0T0ZBLS1SNGZ0U3JhRDctVDZIbFhlemtJTGZRWVJ2Q01MU2E2eVI1NDVaU1pvNkRSSTlaNXFidkUxLUkxVC1zb05YZU9aVkt4cU54TzlhZUtmbnhubnJVQUNJZ0xTQQ?oc=5,VinePair,4/22/2026,"[Competitor consolidation and market share redistribution among major craft breweries] This acquisition signals continued industry consolidation by established craft players (Firestone Walker and Duvel) acquiring a significant independent brand, reducing the competitive independent craft brewery count and potentially reshuffling regional market share and distributor relationships. The transaction demonstrates how larger craft operators are consolidating scale to compete against AB InBev and Heineken while potentially signaling valuation benchmarks for mid-sized craft breweries in the current M&A environment.",industry,Craft Beer & Beverage
204,BrewDog,,Evil Genius Beer Co. acquires national brand 21st Amendment Brewery - PhillyVoice,Evil Genius Beer Co. acquires national brand 21st Amendment Brewery&nbsp;&nbsp;PhillyVoice,07:10.0,https://news.google.com/rss/articles/CBMiggFBVV95cUxNLUFxUlhFQURsb19KdzhKZGZDbFM2WkdLWVNFaWhHZjkya1JRZW8zMnpUbGVCOU1USE1WR0ozVFZmZmplNDViMzJRWWE2RjZoQk5ldWdKUWFncVlZcGptSVRCUjBRZTFXemx5M2N6VUxsMHFaLWpDVmxPNlgwSXh6OXJB?oc=5,PhillyVoice,4/22/2026,"[Craft brewery consolidation and M&A activity signaling valuation benchmarks and competitive consolidation trend] Evil Genius's acquisition of 21st Amendment represents a concrete consolidation move by a regional craft brewer expanding via M&A, signaling continued sector consolidation dynamics similar to larger strategic buyers (AB InBev, Heineken) and potentially establishing valuation benchmarks for mid-sized craft breweries. This development directly impacts competitive positioning, market share distribution, and exit valuations for peer craft breweries and their PE sponsors considering their own growth/exit strategies.",industry,Craft Beer & Beverage
205,BrewDog,,Firestone Walker & Duvel USA acquiring Stone Brewing - San Diego Beer News,Firestone Walker & Duvel USA acquiring Stone Brewing&nbsp;&nbsp;San Diego Beer News,29:21.0,https://news.google.com/rss/articles/CBMigAFBVV95cUxPOUxqVWxGTU9ra1hEQThDZGYwOVU1dnFpa3BFamNIOXJpX1BiZXRrblNvcUlVcDlrNk9BanFPNFZMc2c0NmRRSXN1MXBMSmFKdWdxbzFFUm5xOEx3VFlXODBBbFlmbmpzbW56TXlFcDJjRXQxeXZabWluOE1FcjNYQg?oc=5,San Diego Beer News,4/22/2026,"[Competitor consolidation and market share concentration in premium craft segment] This acquisition of Stone Brewing—a top-10 U.S. craft brewer—by the Firestone Walker/Duvel USA partnership signals accelerating consolidation in the premium craft beer category, reducing independent competitors and increasing distribution leverage for the acquirer. For portfolio companies in craft beer, this threatens market share in a mature segment, raises competitive pressure on pricing and shelf space, and establishes a valuation benchmark for high-end craft breweries that may inform exit expectations or M&A strategy.",industry,Craft Beer & Beverage
206,Crumbl,,"Australians trade down to smaller treats, Experian says - CFOtech Australia","Australians trade down to smaller treats, Experian says&nbsp;&nbsp;CFOtech Australia",58:00.0,https://news.google.com/rss/articles/CBMiiwFBVV95cUxNMDFxc0IwRVhBdW1sUGxEV3c2ZlV0OEJBTE5OWDhjYlRSNHcyS21QTGN2WEZOVHdpNF92Q2U4NG1wMi05OXNrRUhmeGQzdS1ITzVseVVZVnN0WWFVd1ozemp6MzlhaW1Ocnk5R3FpTElET3lyLUhiZHBlV192d3p6Y3VFdWRiOWh3QWhN?oc=5,CFOtech Australia,4/22/2026,"[Consumer trade-down to smaller portion sizes signals discretionary spending weakness and AUV pressure in dessert/bakery QSR.] Australian dessert and bakery franchise concepts face near-term traffic and ticket decline as consumers shift to lower-priced or smaller-format treats, directly pressuring unit-level revenues and comparable sales. This demand contraction may force franchisees to accept lower unit economics despite fixed labor and occupancy costs, compressing franchise system margins and potentially triggering covenant stress for leveraged portfolio companies in the region.",industry,Food & Beverage Franchise
207,Revolut,,Revolut targets a $200 billion IPO just months after its $75 billion share sale - CoinDesk,Revolut targets a $200 billion IPO just months after its $75 billion share sale&nbsp;&nbsp;CoinDesk,10:29.0,https://news.google.com/rss/articles/CBMi0AFBVV95cUxNR2paeEdGaV9jTjlkY1N0Y3hSb3F3c2ZxNURtMzUxckVFR3V6Nm1rQ1ZmTnZveWZqNG9JbmdTS0NQdmtXUnEtUjRseWNiYzdrS3FWWmU0WGdtTWswQXpBS0R3ek93SzhjS1N4RklWck03XzlzRk41LU5uYXl6WTNGZ18tRjBpX2RqQm9pdmVqM05JXzZPRm1Cd2xON0lsYXF6QzQxdVdGNkl2X0FLOWpJVGRxMGlxTlBOZldlZEpHSG9WbUtndllvMUJ0VUlHZUF5?oc=5,CoinDesk,4/22/2026,"[IPO valuation benchmark and capital raise signal for neobank sector funding/exit trajectory] Revolut's $200B IPO valuation target (up from $75B private valuation months prior) sets a significant public market precedent for neobank exit valuations and establishes competitive pressure on other private neobanks (Monzo, N26, Chime, Starling) to demonstrate comparable growth or risk dilution in future funding rounds. The aggressive valuation jump also signals investor appetite for fintech scale-ups, which affects cost of capital and M&A multiples across the entire digital banking ecosystem.",industry,Fintech & Neobanking
208,Revolut,,Mexico's Plata hits $5bn valuation following $405m Series C - FinTech Futures,Mexico's Plata hits $5bn valuation following $405m Series C&nbsp;&nbsp;FinTech Futures,30:43.0,https://news.google.com/rss/articles/CBMisAFBVV95cUxNbUFDdFVQTDk0RlUxYjRrTjdlbU8xZ2NiMUFuWldNUEpPRmZILWV1ZWktMlM5cW9ta1hXaHhfeURtUjFWdkIzc0M4UUloemh6c3VJTUR0aGFfVU4tcDhWM2tCdUxqemFac3RrUE9Ycnk4QVhsRUlicnlja2lnTldmQ1FtZEZDRmxoQmIzUWJMREU1V3o0RDJzaGRJbHZ2VEt2ZklBQUJMSFZUNzRVTE5iQQ?oc=5,FinTech Futures,4/22/2026,"[Valuation benchmark and competitive funding intensity signal in emerging market neobanking] A $5bn valuation for a Mexico-focused neobank after a $405m Series C fundraise establishes a critical pricing precedent for late-stage fintech in Latin America and demonstrates sustained investor appetite for regional digital banking platforms, directly informing comparable company valuations for portfolio companies competing in similar markets. This funding scale also signals competitive pressure—other regional neobanks will face market expectations to match or exceed Plata's growth trajectory, raising customer acquisition costs and forcing strategic responses around geographic expansion, product bundling, or exit timelines.",industry,Fintech & Neobanking
209,Revolut,,"UK plans payments rule changes for stablecoins, tokenized deposits - TradingView","UK plans payments rule changes for stablecoins, tokenized deposits&nbsp;&nbsp;TradingView",06:11.0,https://news.google.com/rss/articles/CBMiyAFBVV95cUxPOUE2YXVkelJ5YjdkRmdjSWF5T0NnVXN3eGNubExPaUd2cXFlZ3V5bHMzeHpCTGNyTXpDUUV6MWFNTTN3S0huQWEza3B3WnZpdDJmRWQ0a1lud0Vyd2d6WkJVa25vaUdKdjVSUi0xckpRUnU2V0tCeENqOUpnRE1MZnRMcnRqa3M4SHFobVFRLXkxZlRjZTFNaHdhUFNSWUpRTmsyT2tZOEpzNlZ1QUl3a0tob3laZXBtakNjSTdOR2dKMldBcmUwZA?oc=5,TradingView,4/22/2026,"[Regulatory framework expansion creating compliance cost and product roadmap risk for UK-licensed neobanks and stablecoin issuers] UK stablecoin and tokenized deposit regulation will impose new licensing, capital, and operational compliance requirements on fintech firms operating in or targeting the UK market, increasing compliance costs and potentially delaying product launches. This creates both a near-term margin pressure for companies like Wise and Revolut (if offering stablecoin services) and a barrier-to-entry benefit for well-capitalized incumbents, materially affecting their competitive positioning and financial projections.",industry,Fintech & Neobanking
210,Revolut,,UK Treasury Maps New Payment Rules for Stablecoins and Banks - Analytics Insight,UK Treasury Maps New Payment Rules for Stablecoins and Banks&nbsp;&nbsp;Analytics Insight,30:00.0,https://news.google.com/rss/articles/CBMinwFBVV95cUxQbl9Bd1lreXlUemFOQUN6RzA5LTVBR05qQkRRbGdHWU5XQ3ZqR1l3V2hFUzJwUzY0RXpBMkZHNWZvdnprUWl0enpzTmxUZ3ZSQ0ptWkpLRWZBZVhVcGdjZVpsMDZmNGRXSEdkcl9BNTZtVVVFMTI4a1g4Q2lmbDJQTlZEWENNd1JPbVJZWDdVNURlb1ZDNXZaNW5PWU13a2vSAawBQVVfeXFMTVBYX0UwQnFZcFZIQWdiNktSeTdqS29mdzJ1MkxCR0NZRzBISUtKNEgzUVp6a3NaUzRkajVkM2ZIOHVNTS1ZRVNRMWc3eElJMUlpWnVWVXI4dkZxQWp0NGZYa3gtZHFjQThkbmRHTEVmQnNCZGxEeGY5NlJ5eXNkdmpIamJNVmVaVnFVZE1FX1BqY25ZWjVmbWkyTWZaQVJOTUk5MktVQVdqSXlXTg?oc=5,Analytics Insight,4/22/2026,"[Regulatory framework establishing stablecoin payment rules and bank requirements—potential licensing costs, compliance burden, and market access conditions for fintech players.] UK Treasury stablecoin payment rules will impose new compliance and potentially licensing obligations on fintech firms and neobanks offering or accepting stablecoins, raising operational costs and creating barriers to entry for smaller competitors while potentially opening regulated market opportunities. The specificity of ""new payment rules"" suggests concrete requirements (KYC/AML standards, reserve backing, settlement mechanisms) that will materially affect business models, margins, and go-to-market strategies for UK-focused and cross-border fintech platforms.",industry,Fintech & Neobanking
211,Revolut,,Confirmo bolsters European stablecoin solution with payment institution licence in Ireland - FinTech Futures,Confirmo bolsters European stablecoin solution with payment institution licence in Ireland&nbsp;&nbsp;FinTech Futures,00:00.0,https://news.google.com/rss/articles/CBMi1wFBVV95cUxORm1HY3VmUy13VXZfTmVsYThDZ3dpNFl1NFdOX05PZGplRzFiOS0yN25JaDZ2bVg5OGdFVkp1MUZVQWZfZUFvb1RhWXRySDJFdUJOQVZWNlk1cXp1Q0JzQ2cyaVNKYUZUbVRLZ2VqajE5YlF3MWJISHVHSVU2ZjBPX3lMTThFUW5RNFBsRUNqTld4NW1MTFZaakdBaXhnT19CckZEbnMza1Q5WWpPd1ZuNEF2RS1rMWhiUDZ3WW5uZXJOSnJOd2ZNOEItQ05qOGplVExaUVcyZw?oc=5,FinTech Futures,4/22/2026,"[Regulatory approval enabling European stablecoin payment processing and cross-border settlement capability] Confirmo's Irish payment institution license represents a concrete regulatory milestone that unlocks stablecoin-based payment rails in the EU, directly affecting fintech companies' ability to offer cross-border payments and settlement services—a core revenue stream for competitors like Wise and Starling. This approval signals regulatory acceptance of stablecoin infrastructure in Europe and could materially reduce compliance costs and enable new revenue opportunities for fintech platforms seeking to compete in digital payments and remittances.",industry,Fintech & Neobanking
212,Endeavor,,Tennessee lawmakers to consider major last-minute changes to voucher program in state’s largest counties - Chalkbeat,Tennessee lawmakers to consider major last-minute changes to voucher program in state’s largest counties&nbsp;&nbsp;Chalkbeat,07:00.0,https://news.google.com/rss/articles/CBMilAFBVV95cUxQcXNMbHpfUG5PLUwzRVNoNmMzQXVnX3NBRTJQZXBQUTNncHh6LTJKQjBMTFhraDNoUG1EdjNkLWdGdkNoSXhPdFUyNk44Y21nVTZEZEF0R0Q3WkxGcFRFai1sejMwMkhWNE9FRVhKcnpvYm5YQjczMi1pUUpVbzFLY04tcndwRHJNQnRtOHJtUmM4bzBM?oc=5,Chalkbeat,4/22/2026,"[Voucher program policy restriction in major Tennessee markets reducing eligible student population and demand for private school enrollment.] Last-minute restrictions to Tennessee's voucher program in the state's largest counties (which likely include Nashville and Memphis metro areas) would directly reduce the addressable market for private school operators by limiting eligible families' ability to access tuition subsidies. For portfolio companies serving Tennessee's K-12 private education market, material revenue contraction could result from reduced enrollment demand, while competitors operating in unrestricted counties or states gain relative competitive advantage; the timing and scope of restrictions also create pricing pressure and operational uncertainty.",industry,K-12 Private Education
213,Cadogan Tate,,Fine art logistics company Convelio secures Series C funding - Tech.eu,Fine art logistics company Convelio secures Series C funding&nbsp;&nbsp;Tech.eu,14:19.0,https://news.google.com/rss/articles/CBMikgFBVV95cUxOcUNQZVNVdThRTjFQaS1lUm41WlFKRGh6SFBRS0RGVmNXOG5Qemp4R25CTXRVZFBhX1RJX08tMlhmU2tMcnRYYWlJSTg0VlFkN3lqbE5FMEJfdFNUc1VpMXE2QVJqZFJFcFY1a0J2QzRxLWhiVlpkUFZXQkNuR3NXZ0NRZG5iTG4zTW83TDVWZ05EZw?oc=5,Tech.eu,4/22/2026,"[Competitor funding round signals capital availability and competitive positioning shift in fine art logistics consolidation] Series C funding for Convelio, a direct competitor in fine art logistics, indicates sustained investor confidence in the sector and likely accelerates Convelio's expansion in storage, transport, or technology capabilities—directly pressuring margins and market share for peers like Crozier Fine Arts and Uovo through potential price competition or service bundling. This funding event establishes a valuation benchmark for the sector and may trigger consolidation activity or force other players to seek capital to maintain competitive parity.",industry,Fine Art Logistics
214,Cadogan Tate,,"Convelio Lands Fresh Investment, Expands New York Storage Plans and Wins Global Phillips Logistics Partnership - Art Plugged","Convelio Lands Fresh Investment, Expands New York Storage Plans and Wins Global Phillips Logistics Partnership&nbsp;&nbsp;Art Plugged",21:22.0,https://news.google.com/rss/articles/CBMiyAFBVV95cUxPeEJmaVYyejZHbndOaEtyVnRwMlM4eUhxek5ueWpJZENEOUM5OVFpaXloMzdoU1U3dkRmOWNMZ2ZudXQ1Vng3dy1HQXFQS3RydGNNSzh6Qy1ZZXBHLWE0MElZa3RuSEpZSjJHS0lMM2Y2bDRiUEk1dkRzdUxJVmFzTk52T3lkZ0ZYSDhnQWFzUG5ONkRsVENaalJYSXZTZ3JjS1RwZGxlbm5WQTRMeEdoUUpmMkM2aFhOS3loVWU2dnVOM0FNZ2F1Rg?oc=5,Art Plugged,4/22/2026,"[Competitor expansion and exclusive logistics partnership consolidation creating market concentration risk and customer access barriers.] Convelio's fresh capital injection, NYC storage expansion, and exclusive global Phillips partnership represent a significant competitive move that could reshape market share dynamics in fine art logistics. This development signals both increased investment in high-margin storage capacity and potential customer lock-in through major auction house partnerships, creating near-term revenue and margin pressure for competing logistics providers (Crozier, Uovo, Masterpiece) who lack equivalent partnerships or geographic coverage.",industry,Fine Art Logistics
